id,name,email,gender
1,Shoshanna,sburn0@opensource.org,Female
2,Blanch,bbramstom1@bandcamp.com,Male
3,Berna,bsandilands2@sina.com.cn,Male
4,Yolanda,yfishbourn3@howstuffworks.com,Male
5,Nola,nmochar4@wufoo.com,Male
6,Bette-ann,bhawgood5@sohu.com,Non-binary
7,Jandy,jboundey6@marriott.com,Male
8,Teresita,ttabourin7@nationalgeographic.com,Male
9,Angelia,acrouch8@free.fr,Female
10,Sarah,ssilwood9@e-recht24.de,Female
11,Joan,jmcphelimya@umn.edu,Male
12,Toby,tgallimoreb@mit.edu,Female
13,Carolyne,ctolmanc@bandcamp.com,Bigender
14,Correy,chekkertd@taobao.com,Male
15,Maegan,msloate@yale.edu,Female
16,Cord,cdepkef@ustream.tv,Male
17,Valli,vbeling@amazon.co.jp,Female
18,Lee,lgregolottih@vk.com,Female
19,Codi,cpimbleyi@about.com,Male
20,Joshua,jmillwaterj@cnet.com,Female
21,Francesco,fcasinak@domainmarket.com,Male
22,Benedicta,bmcanellyel@usatoday.com,Non-binary
23,Marv,maptedm@ning.com,Male
24,Alina,aswancottn@wikia.com,Male
25,Bidget,bgoulbourno@shareasale.com,Male
26,Thor,thebbronp@bing.com,Female
27,Caren,cgreenrodq@icio.us,Male
28,Marcel,mloynesr@sogou.com,Female
29,Maxwell,mspaffords@addtoany.com,Bigender
30,Sharla,sjerranst@ucsd.edu,Genderfluid
31,Thor,tmcparlinu@paginegialle.it,Male
32,Aube,aprandinv@booking.com,Female
33,Addia,acowsbyw@msu.edu,Male
34,Monica,mblessedx@opera.com,Male
35,Lurleen,lcaprony@amazon.co.uk,Polygender
36,Brit,bmockettz@woothemes.com,Female
37,Werner,wpedrielli10@guardian.co.uk,Male
38,Elvera,ebonevant11@google.it,Female
39,Victoria,vlammertz12@geocities.com,Female
40,Margit,mkemme13@buzzfeed.com,Female
41,Zorina,zcastletine14@google.co.uk,Male
42,Jolyn,jpearch15@dedecms.com,Female
43,Casie,cpepye16@bravesites.com,Male
44,Willabella,wmcskin17@yellowbook.com,Male
45,Whittaker,waxtonne18@cmu.edu,Female
46,Dinah,dstandish19@studiopress.com,Female
47,Verile,vcarlsson1a@dmoz.org,Female
48,Augie,alauxmann1b@quantcast.com,Female
49,Izabel,icarreck1c@house.gov,Female
50,Harper,hraithby1d@un.org,Male
51,Hernando,hyegorev1e@opensource.org,Female
52,Emelyne,emeeny1f@senate.gov,Female
53,Corie,cfosher1g@blogspot.com,Female
54,Antin,acherrie1h@merriam-webster.com,Male
55,Osbourn,obarnish1i@odnoklassniki.ru,Male
56,Aurora,agoade1j@ucoz.ru,Female
57,Tobe,tmacias1k@bing.com,Female
58,Mauricio,mbrandts1l@hp.com,Male
59,Shelba,sloddy1m@opensource.org,Female
60,Gale,gsimanek1n@accuweather.com,Female
61,Riobard,rdowner1o@toplist.cz,Female
62,Matteo,mdunbabin1p@yahoo.co.jp,Agender
63,Shay,svaleri1q@bandcamp.com,Female
64,Orren,oyitzhak1r@imageshack.us,Male
65,Krispin,kmenichi1s@answers.com,Female
66,Julieta,jpenfold1t@harvard.edu,Female
67,Paten,phatry1u@hostgator.com,Male
68,Konrad,kwyley1v@reverbnation.com,Female
69,Marven,mtilbury1w@intel.com,Bigender
70,Jamaal,jyellep1x@jalbum.net,Female
71,Barnabe,bvail1y@eventbrite.com,Female
72,Zedekiah,zriccione1z@opensource.org,Female
73,Gretal,gwickstead20@msn.com,Female
74,Arlina,aonge21@google.fr,Female
75,Alwyn,amallalieu22@sciencedaily.com,Male
76,Britta,blaguerre23@bloomberg.com,Male
77,Vale,vstyles24@youtu.be,Male
78,Ebba,egye25@myspace.com,Female
79,Shirlene,sarden26@storify.com,Male
80,Adara,akrzysztof27@army.mil,Male
81,Janeta,jambrogini28@tripod.com,Female
82,Quinton,qpresshaugh29@zimbio.com,Female
83,Blanche,bmacconnechie2a@upenn.edu,Female
84,Mirabella,mpellingar2b@rediff.com,Female
85,Karlens,kpike2c@noaa.gov,Female
86,Fania,froyl2d@economist.com,Female
87,Jordan,jtoolan2e@washingtonpost.com,Female
88,Amy,aegdell2f@fastcompany.com,Female
89,Berrie,bpoppleton2g@bloomberg.com,Female
90,Darill,dchasteney2h@bigcartel.com,Genderfluid
91,Ardra,amengo2i@virginia.edu,Male
92,Aldrich,acornick2j@shutterfly.com,Bigender
93,Griffie,gmerrien2k@nymag.com,Male
94,Dannie,dbruinsma2l@washingtonpost.com,Female
95,Cass,cleap2m@skyrock.com,Male
96,Huntley,hdifrancesco2n@is.gd,Female
97,Ronny,rkliement2o@artisteer.com,Female
98,Patty,pmcharry2p@accuweather.com,Male
99,Tarrance,twelton2q@youtube.com,Female
100,Torrin,tchastel2r@bravesites.com,Female
101,Flo,fplowman2s@google.cn,Female
102,Tildie,tmarriner2t@mtv.com,Male
103,Diego,dcabane2u@histats.com,Female
104,Demeter,dwhitley2v@infoseek.co.jp,Female
105,Magda,mgluyus2w@bloomberg.com,Genderfluid
106,Marty,mbeverley2x@examiner.com,Male
107,Ezechiel,egreystock2y@bloomberg.com,Male
108,Alleyn,afarquarson2z@nyu.edu,Male
109,Paddy,podegaard30@istockphoto.com,Female
110,Hamilton,hgroll31@webs.com,Genderqueer
111,Ad,adonaghy32@1und1.de,Female
112,Fanchon,foldfieldcherry33@cmu.edu,Male
113,Catlin,chenken34@pbs.org,Genderqueer
114,Rustie,rblase35@army.mil,Female
115,Henrie,hmouton36@t.co,Female
116,Alie,aballoch37@harvard.edu,Female
117,Corby,caggio38@edublogs.org,Male
118,Briant,bburdge39@engadget.com,Male
119,Janeva,jfulloway3a@ebay.co.uk,Male
120,Kristo,kridgers3b@arizona.edu,Genderqueer
121,Johnathon,jdionsetti3c@howstuffworks.com,Male
122,Beth,bpalmar3d@nytimes.com,Male
123,Fallon,fnaulls3e@g.co,Bigender
124,Dinah,drallinshaw3f@virginia.edu,Female
125,Jammie,jmurton3g@ucla.edu,Male
126,Ciel,cfeldbaum3h@hugedomains.com,Female
127,Casey,clacaze3i@dailymail.co.uk,Polygender
128,Preston,pfruen3j@berkeley.edu,Male
129,Melamie,mmurfill3k@mac.com,Male
130,Goldi,gcaughan3l@furl.net,Female
131,Gillie,gsollitt3m@ftc.gov,Genderfluid
132,Glyn,gvegas3n@t-online.de,Female
133,Kathe,kisakov3o@goodreads.com,Male
134,Bendix,bpearl3p@hud.gov,Male
135,Flin,fdoxey3q@baidu.com,Agender
136,Dallon,djime3r@bbc.co.uk,Female
137,Zolly,zwomersley3s@businessweek.com,Male
138,Esta,erivenzon3t@seesaa.net,Male
139,Kipp,ksarvar3u@umich.edu,Female
140,Sindee,smcewen3v@illinois.edu,Male
141,Vassily,vdrydale3w@tinypic.com,Male
142,Wendall,wbodycombe3x@trellian.com,Female
143,Horacio,hastman3y@ocn.ne.jp,Bigender
144,Felic,fcamerello3z@soundcloud.com,Male
145,Mirella,mparmenter40@weather.com,Female
146,Temp,teveril41@mashable.com,Male
147,Felipe,fvedishchev42@amazon.co.jp,Female
148,Tore,tlockwood43@youku.com,Polygender
149,Fan,fleask44@eepurl.com,Female
150,Jeffy,jmccarroll45@delicious.com,Female
151,Whittaker,wmorrott46@technorati.com,Male
152,Krista,kreina47@artisteer.com,Male
153,Tabatha,tdunsleve48@cornell.edu,Male
154,Joeann,jdelayglesia49@nih.gov,Bigender
155,Natasha,nroberts4a@about.me,Genderqueer
156,Rosaline,rjacobsz4b@macromedia.com,Male
157,Annalee,arobichon4c@wordpress.org,Female
158,Courtnay,cmapledorum4d@amazon.com,Male
159,Teddy,tisbell4e@storify.com,Non-binary
160,Minerva,mwalklate4f@xing.com,Male
161,Simonne,sshrawley4g@rambler.ru,Female
162,Bernie,bhodgin4h@gnu.org,Female
163,Jeromy,jkeunemann4i@yandex.ru,Male
164,Gisela,ggosneye4j@indiegogo.com,Female
165,Renato,rfayerman4k@foxnews.com,Male
166,Frank,fsweatland4l@goo.gl,Male
167,Starlin,smannin4m@flickr.com,Female
168,Kessia,kgilbanks4n@rambler.ru,Female
169,Brunhilde,bottam4o@kickstarter.com,Male
170,Xavier,xjuschka4p@si.edu,Female
171,Sherm,strussman4q@skype.com,Female
172,Shane,spodd4r@seesaa.net,Male
173,Jacky,jvanichev4s@cbslocal.com,Male
174,Oswell,okibbye4t@answers.com,Bigender
175,Shawna,smorrell4u@scribd.com,Male
176,Ag,agieraths4v@last.fm,Female
177,Sunny,sjanca4w@slashdot.org,Female
178,Kingston,khightown4x@seesaa.net,Male
179,Delano,dfeeham4y@techcrunch.com,Female
180,Lissa,lgammell4z@amazon.co.uk,Female
181,Putnam,pdhooge50@tumblr.com,Male
182,Katinka,korowane51@cmu.edu,Male
183,Zilvia,zfazan52@microsoft.com,Male
184,Frederico,fdelgardillo53@tmall.com,Male
185,Quinlan,qtriggol54@elpais.com,Female
186,Homerus,hdiantonio55@addtoany.com,Male
187,Mort,marndt56@abc.net.au,Female
188,Mohandas,mskitterel57@mozilla.com,Female
189,Far,fren58@mail.ru,Agender
190,Jude,jokieran59@netvibes.com,Female
191,Marybeth,mlghan5a@hibu.com,Male
192,Georgi,gbarkworth5b@cpanel.net,Female
193,Nollie,nhaggish5c@elpais.com,Male
194,Helenelizabeth,hdryburgh5d@networkadvertising.org,Female
195,Melonie,mdory5e@ebay.co.uk,Male
196,Georgette,gtidmas5f@dion.ne.jp,Male
197,Skip,scaso5g@youku.com,Female
198,Nealy,ndouberday5h@youku.com,Female
199,Joelle,jshute5i@multiply.com,Agender
200,Christophorus,cbenneyworth5j@phpbb.com,Female
201,Christean,ccroote5k@sakura.ne.jp,Female
202,Lulita,lherrema5l@slate.com,Female
203,Simona,smacdearmid5m@php.net,Female
204,Iosep,ibicknell5n@marketwatch.com,Female
205,Tandie,tchamberlayne5o@usda.gov,Female
206,Delphinia,deastway5p@topsy.com,Polygender
207,Alysa,amcdonough5q@addtoany.com,Agender
208,Benny,bambrosio5r@cbslocal.com,Male
209,Moritz,modd5s@soup.io,Female
210,Guinna,goxx5t@nyu.edu,Male
211,Melodie,mokill5u@hao123.com,Female
212,Damaris,dyelyashev5v@mail.ru,Female
213,Nappy,npadgham5w@aol.com,Non-binary
214,Francklyn,fcaisley5x@sohu.com,Female
215,Marie-jeanne,mmattock5y@yolasite.com,Male
216,Lalo,larnaudin5z@nature.com,Genderqueer
217,Dallis,dbassham60@google.cn,Male
218,Kip,kabbiss61@google.co.jp,Male
219,Kaine,kconyard62@opera.com,Female
220,Brook,bkeyzor63@cloudflare.com,Female
221,Goldie,ghumblestone64@sfgate.com,Male
222,Gwendolyn,ggarm65@ifeng.com,Female
223,Harli,hgabbetis66@shinystat.com,Female
224,Vail,vcaneo67@jalbum.net,Male
225,Kaia,kiacovozzo68@altervista.org,Female
226,Ginnifer,glanmeid69@washingtonpost.com,Female
227,Maximilien,mgoalby6a@princeton.edu,Agender
228,Krista,kmacgovern6b@plala.or.jp,Non-binary
229,Ellynn,ehilbourne6c@amazonaws.com,Male
230,Tiffany,tpulver6d@jiathis.com,Male
231,Cort,cscapens6e@samsung.com,Male
232,Oran,owigginton6f@cbc.ca,Male
233,Eb,egerdts6g@tumblr.com,Genderfluid
234,Vinni,vbulluck6h@zimbio.com,Male
235,Raphaela,rbrooksbank6i@creativecommons.org,Male
236,Angelina,adomerc6j@topsy.com,Female
237,Jarvis,jpoacher6k@berkeley.edu,Male
238,Gerhardine,gjuszczyk6l@wikia.com,Female
239,Tobit,tdouble6m@altervista.org,Female
240,Derrik,dlemonnier6n@adobe.com,Male
241,Helene,hhayhow6o@nasa.gov,Male
242,Harwilll,hleipnik6p@howstuffworks.com,Female
243,Land,lbrightey6q@behance.net,Male
244,Christal,cbather6r@craigslist.org,Male
245,Carmine,ctoping6s@nyu.edu,Bigender
246,Justine,jcathesyed6t@bandcamp.com,Female
247,Prue,pdarracott6u@google.es,Female
248,Thatcher,tparradice6v@archive.org,Female
249,Darnall,dpibsworth6w@blog.com,Male
250,Gayla,gcowey6x@people.com.cn,Female
251,Renato,rgarnsworthy6y@taobao.com,Male
252,Faythe,fbredgeland6z@nifty.com,Non-binary
253,Francklin,frosie70@examiner.com,Female
254,Corena,crylands71@barnesandnoble.com,Female
255,Udall,umackison72@tripadvisor.com,Female
256,Ariana,apartener73@theguardian.com,Male
257,Carol-jean,ctock74@walmart.com,Male
258,Jacintha,jdarwen75@alibaba.com,Female
259,Harland,hfretson76@shinystat.com,Agender
260,Lanette,lalliker77@europa.eu,Male
261,Merv,mburt78@flavors.me,Genderqueer
262,Edwina,eronaghan79@mashable.com,Polygender
263,Onida,odurbann7a@biblegateway.com,Male
264,Elysia,etruckell7b@google.nl,Agender
265,Adah,ahazael7c@addtoany.com,Male
266,Sabrina,sviveash7d@1und1.de,Male
267,Otho,ofockes7e@deviantart.com,Male
268,Allister,auden7f@wunderground.com,Male
269,Cathryn,cantoniades7g@ftc.gov,Male
270,Waring,wwolland7h@google.com.hk,Female
271,Hanny,hluxmoore7i@studiopress.com,Male
272,Hewe,hrochell7j@vinaora.com,Female
273,Margi,mcowap7k@ibm.com,Male
274,Cord,cimpson7l@yolasite.com,Female
275,Wendye,wrumble7m@weebly.com,Male
276,Charo,cpote7n@blog.com,Male
277,Miguela,mdutteridge7o@statcounter.com,Female
278,Kelly,kmarcinkowski7p@so-net.ne.jp,Male
279,Terza,tcrallan7q@prnewswire.com,Female
280,Merell,mcharleston7r@newyorker.com,Female
281,Pauline,pszimon7s@fastcompany.com,Female
282,Karel,knorledge7t@buzzfeed.com,Male
283,Bobby,bruxton7u@mapquest.com,Female
284,Sinclare,sbusst7v@canalblog.com,Male
285,Ephrem,emacalpyne7w@diigo.com,Female
286,Gilbertina,gstiling7x@illinois.edu,Male
287,Karoly,kjosiah7y@jimdo.com,Female
288,Nicolais,nmateev7z@zdnet.com,Male
289,Roberto,rcreasey80@issuu.com,Female
290,Peyton,pdearl81@latimes.com,Female
291,Kendell,kmonkhouse82@blogger.com,Female
292,Glennie,gjelfs83@tmall.com,Female
293,Abba,asimonett84@comsenz.com,Male
294,Bartolemo,bfipp85@reuters.com,Male
295,Buiron,blangforth86@moonfruit.com,Female
296,Alonzo,aewell87@auda.org.au,Male
297,Krishna,kroantree88@facebook.com,Male
298,Dudley,dblight89@wsj.com,Female
299,Pet,pmullane8a@kickstarter.com,Male
300,Dud,darson8b@moonfruit.com,Female
301,Lindsey,lvanhove8c@nsw.gov.au,Female
302,Pepito,pbrittlebank8d@epa.gov,Male
303,Kerrill,kgentsch8e@cdc.gov,Male
304,Virgilio,vbowle8f@gravatar.com,Female
305,Emeline,ededomenico8g@patch.com,Male
306,Robbie,rewbank8h@fastcompany.com,Male
307,Elisha,eplewman8i@discuz.net,Female
308,Alejandro,atwiddy8j@cbc.ca,Female
309,Editha,ewhatson8k@economist.com,Female
310,Mordecai,mtruter8l@soup.io,Male
311,Lena,lvarey8m@diigo.com,Female
312,Kathrine,kpahlsson8n@unc.edu,Female
313,Tomasina,tpooly8o@google.com,Female
314,Dominick,dgraser8p@netlog.com,Female
315,Ambrosius,aduddell8q@mysql.com,Female
316,Elliott,egodmer8r@dion.ne.jp,Female
317,Abbye,aszymanzyk8s@slashdot.org,Genderqueer
318,Leeanne,lblyth8t@xrea.com,Female
319,Padraic,pfitzpatrick8u@globo.com,Male
320,Dalenna,dboldero8v@myspace.com,Male
321,Selma,scloney8w@gizmodo.com,Male
322,Lion,lnorthgraves8x@nsw.gov.au,Male
323,Bank,btreleaven8y@chronoengine.com,Female
324,Lorrayne,lmacmenamy8z@slashdot.org,Male
325,Lianna,llukianovich90@va.gov,Male
326,Gardy,ggrinval91@dropbox.com,Male
327,Virge,vaiskovitch92@w3.org,Agender
328,Sally,squickenden93@feedburner.com,Male
329,Orland,otreswell94@walmart.com,Female
330,Ingrid,ikiddye95@canalblog.com,Male
331,Horst,hpiffe96@dedecms.com,Female
332,Car,cbenson97@washington.edu,Genderfluid
333,Ashla,ahansom98@techcrunch.com,Female
334,Virginie,vbratt99@sakura.ne.jp,Male
335,Sebastiano,snovacek9a@cnbc.com,Bigender
336,Malcolm,mmcquode9b@sakura.ne.jp,Female
337,Agna,aduthie9c@hhs.gov,Bigender
338,Loralee,lgladwell9d@ft.com,Female
339,Ode,onicklinson9e@hhs.gov,Male
340,Melesa,mharrap9f@netlog.com,Male
341,Husain,hguerre9g@biblegateway.com,Female
342,Magdalene,mchadwell9h@trellian.com,Male
343,Conant,charbert9i@list-manage.com,Male
344,George,gludman9j@cisco.com,Genderfluid
345,Lucio,lburford9k@odnoklassniki.ru,Female
346,Allissa,afraczek9l@indiegogo.com,Male
347,Gusta,gkurtis9m@soup.io,Male
348,Merrick,mcordey9n@lycos.com,Male
349,Enid,ehasnney9o@wikia.com,Male
350,Barbra,bmcmickan9p@t.co,Male
351,Reamonn,rwatmore9q@paginegialle.it,Female
352,Jamill,jwrathmall9r@qq.com,Female
353,Chico,cstorch9s@nsw.gov.au,Male
354,Judy,jgogin9t@fc2.com,Non-binary
355,Darice,dtaggerty9u@odnoklassniki.ru,Female
356,Fred,fnevins9v@ucoz.ru,Male
357,Jard,jdimatteo9w@shareasale.com,Male
358,Bertine,bgilogly9x@cnet.com,Male
359,Caryl,ctorrijos9y@walmart.com,Male
360,Irv,ifores9z@fastcompany.com,Female
361,Norrie,nvenarda0@stumbleupon.com,Female
362,Ladonna,lblinkhorna1@patch.com,Female
363,Monica,mkirkpatricka2@washingtonpost.com,Female
364,Paten,ptiremana3@state.gov,Non-binary
365,Sada,shinza4@si.edu,Female
366,Dory,dstarlinga5@aboutads.info,Male
367,Emmaline,eanslowa6@typepad.com,Female
368,Valene,vwestheada7@eepurl.com,Male
369,Ravi,rcashmana8@blinklist.com,Female
370,Matteo,mneamea9@senate.gov,Male
371,Gerti,gdateaa@ustream.tv,Male
372,Hilde,hashburnerab@live.com,Male
373,Paco,ptansleyac@huffingtonpost.com,Male
374,Garrard,gmachonad@sourceforge.net,Genderqueer
375,Chen,ckopsae@soundcloud.com,Female
376,Jacquelynn,jroughtaf@jalbum.net,Male
377,Netty,ndrabbleag@smh.com.au,Male
378,Garner,gwilloughleyah@cargocollective.com,Male
379,Mehetabel,mgivesai@over-blog.com,Female
380,Cicely,cvandenveldenaj@rediff.com,Female
381,Tim,tclayfieldak@chicagotribune.com,Male
382,Valentina,vwheateral@ow.ly,Female
383,Yalonda,ymeasuresam@tinypic.com,Male
384,Tybie,tbarkawayan@gov.uk,Female
385,Lorelle,lvelaao@nbcnews.com,Female
386,Chiquita,cemlinap@cisco.com,Bigender
387,Dimitry,diacoviniaq@disqus.com,Male
388,Abbey,arheaumear@tripod.com,Male
389,Filip,frosenthaleras@jiathis.com,Male
390,Rosaline,rraeat@sohu.com,Male
391,Pate,pbartholomausau@gizmodo.com,Male
392,Heda,hgoldsbyav@hostgator.com,Agender
393,Horton,hortellsaw@marriott.com,Female
394,Hastie,hcopsax@google.nl,Female
395,Morris,mgaineay@de.vu,Male
396,Lalo,lfreschiaz@blogspot.com,Male
397,Eleanore,esuggettb0@sfgate.com,Male
398,Claudian,csergisonb1@uiuc.edu,Female
399,Hernando,hmacdavittb2@nsw.gov.au,Female
400,Randene,rchaudretb3@usgs.gov,Female
401,Claudian,cveschambreb4@mediafire.com,Male
402,Alejoa,aemelineb5@hubpages.com,Male
403,Ezequiel,epratchettb6@cbc.ca,Female
404,Denis,dcunradob7@nsw.gov.au,Female
405,Deloria,dtubbb8@tumblr.com,Male
406,Cam,ccakesb9@mlb.com,Female
407,Vannie,vbarrasba@mayoclinic.com,Male
408,Pearla,pmowsdalebb@narod.ru,Male
409,Carine,cyarrallbc@w3.org,Genderfluid
410,Linn,llaflinbd@hp.com,Female
411,Kayley,kbodlebe@oaic.gov.au,Male
412,Lonnie,lcirlosbf@edublogs.org,Male
413,Kerstin,kembureybg@businesswire.com,Male
414,Elsie,esmailbh@theatlantic.com,Female
415,Rory,rkidneybi@xrea.com,Female
416,Benni,bsprigginbj@gizmodo.com,Non-binary
417,Luise,lpeasegoodbk@virginia.edu,Female
418,Barbara-anne,bughellibl@over-blog.com,Female
419,Trenna,tlynessbm@dagondesign.com,Male
420,Hollyanne,hredmirebn@lycos.com,Polygender
421,Modestia,mvasinbo@microsoft.com,Male
422,Janna,jdornanbp@furl.net,Female
423,Tome,ttumilitybq@mapquest.com,Male
424,Erik,emacmoyerbr@istockphoto.com,Female
425,Cordi,ckrabbebs@quantcast.com,Female
426,Belle,bhovellbt@spiegel.de,Female
427,Agretha,atirreybu@biblegateway.com,Male
428,Joane,jdecristofalobv@4shared.com,Female
429,Vito,vcollibearbw@webmd.com,Female
430,Jeromy,jcharlickbx@hatena.ne.jp,Female
431,Noah,nllewellinby@census.gov,Male
432,Lowell,lvondrabz@yahoo.com,Genderfluid
433,Sam,ssnookesc0@walmart.com,Female
434,Christabella,cbessec1@army.mil,Male
435,Ange,alutasc2@elpais.com,Female
436,Ola,omockesc3@hp.com,Female
437,Darleen,dcrouxc4@hostgator.com,Female
438,Joby,jalwenc5@feedburner.com,Male
439,Camala,cbeckenhamc6@miitbeian.gov.cn,Female
440,Ki,ksadlierc7@reference.com,Genderfluid
441,Blane,bneatec8@bandcamp.com,Non-binary
442,Loretta,lhalewoodc9@ihg.com,Female
443,Karin,kdunsmoreca@ftc.gov,Female
444,Law,lmullendercb@weebly.com,Bigender
445,Bronnie,bstazikercc@google.ca,Female
446,Danella,dcorishcd@jimdo.com,Male
447,Rod,rhastwellce@smugmug.com,Male
448,Bobina,bpantlincf@samsung.com,Male
449,Silvia,sitzkovicicg@mail.ru,Male
450,Camellia,clorainech@nsw.gov.au,Female
451,Juliana,jprattonci@dell.com,Male
452,Roddie,rrichcj@is.gd,Female
453,Doralia,dbebbingtonck@nydailynews.com,Male
454,Persis,pibertcl@chronoengine.com,Female
455,Sheridan,sdaintrycm@soundcloud.com,Male
456,Jodie,jdykinscn@hostgator.com,Female
457,Lotti,lantonijevicco@sogou.com,Female
458,Janeta,jknellercp@dyndns.org,Male
459,Mark,mivankoviccq@unblog.fr,Female
460,Benjy,bvasyuchovcr@livejournal.com,Female
461,Ricoriki,rewestacecs@timesonline.co.uk,Genderqueer
462,Tiffy,tmeesct@ucsd.edu,Male
463,Melodie,mallberrycu@ft.com,Female
464,Bevvy,bdefreynecv@flickr.com,Female
465,Nicolina,ndundendalecw@infoseek.co.jp,Male
466,Laryssa,lprendergrastcx@trellian.com,Female
467,Kylynn,krattraycy@amazon.com,Male
468,Alvie,ajimescz@exblog.jp,Male
469,Pierson,pboncored0@dell.com,Male
470,Saudra,staylotd1@dailymail.co.uk,Male
471,Mala,mstuchberryd2@irs.gov,Male
472,Jodi,jchamberlend3@microsoft.com,Female
473,Nobie,nscoffhamd4@reference.com,Male
474,Hildagarde,hhanrattyd5@buzzfeed.com,Female
475,Elisa,ekaysd6@admin.ch,Female
476,Jacki,jfredianid7@bizjournals.com,Male
477,Austen,acasarinid8@tinypic.com,Male
478,Dorise,daymerd9@archive.org,Female
479,Gaylor,gchesneyda@cargocollective.com,Male
480,Hildagard,hmonnoyerdb@pen.io,Non-binary
481,Francis,fjohnstondc@walmart.com,Male
482,Adiana,amcilwrickdd@reference.com,Male
483,Dalia,dhawkridgede@wisc.edu,Female
484,Orlando,overoniquedf@cbsnews.com,Male
485,Nikolaus,ndychedg@princeton.edu,Male
486,Willis,wcortendh@yellowpages.com,Male
487,Nona,nmaulkindi@tamu.edu,Female
488,Anna-diana,aargerdj@unesco.org,Bigender
489,Egbert,esneddondk@wisc.edu,Female
490,Danyelle,dmcmurrayadl@senate.gov,Female
491,Frans,ftreskedm@msn.com,Female
492,Melonie,mposkittdn@sciencedaily.com,Male
493,Freddie,fmellowsdo@aboutads.info,Female
494,Merrili,mgiovanittidp@whitehouse.gov,Female
495,Rafaela,rmccrackendq@sohu.com,Male
496,Candice,cpopplestondr@rambler.ru,Female
497,Gallard,gduferds@japanpost.jp,Female
498,Josefina,jjenmandt@quantcast.com,Male
499,Cecelia,cjackalindu@accuweather.com,Female
500,Nikolai,nmcenerydv@scientificamerican.com,Male
501,Thedric,ttakosdw@sogou.com,Male
502,Irving,iglastonburydx@virginia.edu,Genderfluid
503,Claire,cgarddy@columbia.edu,Male
504,Dottie,dcardenozadz@edublogs.org,Male
505,Vonnie,vcollye0@economist.com,Male
506,Ervin,egallene1@naver.com,Male
507,Hilly,hbattertone2@elegantthemes.com,Agender
508,Gillan,gfurseye3@prweb.com,Male
509,Zorah,zfontee4@nsw.gov.au,Male
510,Helaine,hboldene5@w3.org,Female
511,Chickie,cdimariae6@paginegialle.it,Male
512,Godard,gferrarioe7@reuters.com,Male
513,Webb,wscaifee8@barnesandnoble.com,Female
514,Karlan,kferraresee9@unc.edu,Female
515,Claudius,cheinemannea@soundcloud.com,Agender
516,Tally,tmoloneyeb@infoseek.co.jp,Male
517,Locke,lbirkwoodec@macromedia.com,Polygender
518,Laird,lsturted@ucoz.ru,Female
519,Prissie,plandisee@ning.com,Female
520,Joyan,jnassief@list-manage.com,Male
521,Ondrea,odowsingeg@abc.net.au,Male
522,Dina,dcoultoneh@imageshack.us,Male
523,Wileen,wmendenhallei@google.it,Female
524,Glynnis,gcrewdsonej@google.de,Female
525,Aldwin,aspringek@e-recht24.de,Male
526,Sumner,satgerel@blinklist.com,Female
527,Cloris,crissoem@amazon.co.uk,Male
528,Ferdie,fbunneyen@stanford.edu,Female
529,Flemming,fgrzesiakeo@nationalgeographic.com,Male
530,Arabelle,abirtleyep@wsj.com,Male
531,Joyan,joatteseq@yahoo.co.jp,Female
532,Viviana,vmirfielder@purevolume.com,Male
533,Cash,chaslehurstes@reverbnation.com,Male
534,Alvis,aannandaleet@cnn.com,Female
535,Betsy,bwarlandeu@lulu.com,Female
536,Lexy,ldeeleyev@facebook.com,Female
537,Tallie,tmeltetalew@parallels.com,Female
538,Hobard,hrodderex@ftc.gov,Female
539,Aurore,ashmyrey@elpais.com,Male
540,Blondie,blightez@marriott.com,Male
541,Eldridge,epimlockf0@bloglovin.com,Female
542,Pietrek,plardeuxf1@xing.com,Female
543,Sileas,sstopforthf2@newsvine.com,Male
544,Hazel,hharremaf3@123-reg.co.uk,Male
545,Jorge,jgristockf4@businesswire.com,Male
546,Valry,vvasovicf5@virginia.edu,Female
547,Emmey,emapstonf6@bbc.co.uk,Male
548,Charlotte,cphilbrickf7@ifeng.com,Male
549,Shayna,sbladonf8@chronoengine.com,Male
550,Stephani,sbonnysonf9@soup.io,Female
551,Eran,equantrillfa@naver.com,Female
552,Noemi,ngergefb@foxnews.com,Female
553,Oralee,okrochmannfc@reuters.com,Female
554,Karly,kcanhamfd@indiatimes.com,Female
555,Errol,egoodyerfe@bloglines.com,Female
556,Janeen,jvandenveldenff@indiegogo.com,Male
557,Jo-ann,jweedfg@abc.net.au,Female
558,Judon,jredmondfh@altervista.org,Female
559,Ginger,gcasarilifi@bizjournals.com,Female
560,Caspar,ccaustickfj@csmonitor.com,Bigender
561,Quintin,qbandierafk@cdbaby.com,Genderqueer
562,Corie,cstoaksfl@opera.com,Female
563,Moll,mevisonfm@smh.com.au,Female
564,Sharla,sthornhillfn@nih.gov,Female
565,Maxine,mdrydenfo@mapy.cz,Male
566,Ashbey,aclutheramfp@fda.gov,Female
567,Kaja,kmcpakefq@examiner.com,Male
568,Oberon,oelpheyfr@nba.com,Female
569,Pattie,pchaffefs@xrea.com,Female
570,Daniella,dcransonft@redcross.org,Male
571,Thomasa,tvaggersfu@delicious.com,Male
572,Rhoda,rpetrovfv@free.fr,Male
573,Sioux,sturfordfw@sogou.com,Male
574,Audy,afraysfx@blogtalkradio.com,Male
575,Izak,iwemfy@reference.com,Male
576,Reinhold,rbrabinfz@dailymotion.com,Female
577,Gill,gleavyg0@yellowpages.com,Female
578,Gabriele,geagleng1@mac.com,Female
579,Willi,wcogerg2@opera.com,Male
580,Farica,frickardsg3@drupal.org,Male
581,Lutero,llehrmanng4@dagondesign.com,Female
582,Alanson,apalffyg5@wikimedia.org,Female
583,Willem,wfriattg6@com.com,Female
584,Lucille,lbrowseg7@nytimes.com,Female
585,Gaspard,ggietzg8@indiatimes.com,Male
586,Aldric,adonneelyg9@paypal.com,Polygender
587,Kalle,kstrangerga@utexas.edu,Female
588,Bo,brentzgb@berkeley.edu,Female
589,Janella,jluckeygc@samsung.com,Male
590,Jacques,jyoodallgd@yolasite.com,Male
591,Ulrikaumeko,ubakeupge@salon.com,Female
592,Merrili,mimesengf@virginia.edu,Female
593,Korrie,kswanborrowgg@timesonline.co.uk,Male
594,Samson,sbotgergh@mediafire.com,Female
595,Bert,bbroekgi@nationalgeographic.com,Female
596,Jocko,jkrollegj@dailymotion.com,Female
597,Aldridge,abennedsengk@nps.gov,Non-binary
598,Giovanni,gpetogl@360.cn,Male
599,Brett,bholdingm@webs.com,Male
600,Ambrose,abalasinign@cmu.edu,Female
601,Rodrique,rkennawaygo@netlog.com,Bigender
602,Finley,fyanshonokgp@tinyurl.com,Female
603,Danika,dmarkosgq@ted.com,Male
604,Ashley,aspikinsgr@clickbank.net,Female
605,Byran,btebbittgs@pbs.org,Male
606,Mathias,mvannuccigt@craigslist.org,Male
607,Alvin,agallehawkgu@mtv.com,Male
608,Byran,bmcfetridgegv@i2i.jp,Female
609,Rodina,rleiversgw@lulu.com,Male
610,Lambert,ldenerleygx@squidoo.com,Male
611,Celka,clargentgy@cnbc.com,Female
612,Hermann,hjacobowitzgz@eventbrite.com,Female
613,Martyn,mmaidlowh0@wordpress.com,Female
614,Gottfried,gtomanekh1@wordpress.com,Female
615,Geri,ghowitth2@soundcloud.com,Male
616,Linnet,lflethamh3@webs.com,Male
617,Yvor,yberreh4@cam.ac.uk,Female
618,Grissel,gklimenth5@aboutads.info,Female
619,Floyd,fsetchh6@skype.com,Female
620,Rosaline,rmacerh7@devhub.com,Male
621,Danika,dstanburyh8@fastcompany.com,Female
622,Gilly,gleacockh9@exblog.jp,Female
623,Finley,fbillesha@hao123.com,Female
624,Zea,zcircuitthb@mayoclinic.com,Male
625,Bidget,bdealyhc@topsy.com,Male
626,Gigi,gglisenanhd@delicious.com,Genderfluid
627,Rayna,rthomelinhe@wikimedia.org,Male
628,Katey,kfluxhf@cmu.edu,Male
629,Nevsa,nyakobovitzhg@google.fr,Male
630,Roseline,rkneaphseyhh@ustream.tv,Female
631,Eirena,ekibbyehi@eepurl.com,Male
632,Jack,jsanfordhj@blogtalkradio.com,Female
633,Townsend,tstockfordhk@shop-pro.jp,Female
634,Julee,jattrilhl@wp.com,Female
635,Lari,lfearickhm@chron.com,Male
636,Jerrine,jcahn@fda.gov,Male
637,Sanders,smellowsho@rediff.com,Female
638,Camile,cstiegerhp@upenn.edu,Female
639,Ettore,echessellhq@multiply.com,Female
640,Liesa,ldebenedettihr@springer.com,Male
641,Dael,dgloyhs@yolasite.com,Male
642,Richardo,rtarbetht@nifty.com,Female
643,Chad,cmccarterhu@ustream.tv,Female
644,Elwira,epetrenhv@shutterfly.com,Male
645,Dyanne,dgrevatthw@barnesandnoble.com,Female
646,Ami,asallisshx@ucsd.edu,Female
647,Amelita,adransfieldhy@geocities.com,Female
648,Emera,epeekehz@wikimedia.org,Female
649,Gay,gbrillemani0@twitpic.com,Female
650,Jonah,jshafieri1@statcounter.com,Female
651,Charis,cpennringtoni2@chicagotribune.com,Male
652,Tabatha,tgockeleni3@sitemeter.com,Female
653,Tedie,toakebyi4@abc.net.au,Agender
654,Ker,ksneydi5@fotki.com,Male
655,Myrtice,mbutlini6@nba.com,Female
656,Edgar,emccormacki7@cdc.gov,Male
657,Cynthie,cdelmontii8@unc.edu,Female
658,Shoshana,sorisi9@berkeley.edu,Female
659,Ajay,abillinia@github.io,Male
660,Nedda,nwinsomeib@aboutads.info,Genderqueer
661,Temple,twiggintonic@pagesperso-orange.fr,Female
662,Wadsworth,wrideoutid@parallels.com,Female
663,Euphemia,evanderveldeie@nymag.com,Male
664,Herminia,hraouxif@dedecms.com,Male
665,Corney,cdurnanig@flickr.com,Male
666,Nathanial,nbelchih@tumblr.com,Female
667,Laurianne,lruprechterii@ehow.com,Female
668,Alwyn,aebbettij@go.com,Male
669,Martita,mhurringik@macromedia.com,Female
670,Suzi,sfaulkneril@state.tx.us,Female
671,Puff,pblanckleyim@howstuffworks.com,Female
672,Shanie,sswinfonin@ehow.com,Female
673,Gideon,gdouglissio@usatoday.com,Male
674,Korrie,kdomninip@youku.com,Male
675,Katharine,kkonigiq@dagondesign.com,Female
676,Babbette,bbromageir@networksolutions.com,Female
677,Cyril,cclausiusis@wufoo.com,Agender
678,Orazio,oaimsonit@hao123.com,Male
679,Sansone,skettlestringesiu@businesswire.com,Female
680,Maddalena,mtrigwelliv@sciencedirect.com,Male
681,Jordanna,jbrollyiw@quantcast.com,Female
682,Elsi,ebalkix@etsy.com,Male
683,Gabriela,gmarteletiy@blogs.com,Male
684,Annelise,ademcheniz@1und1.de,Male
685,Shepard,stregiddoj0@yahoo.co.jp,Non-binary
686,Rodina,rcornelissej1@163.com,Male
687,Jamill,jbogacej2@friendfeed.com,Male
688,Bealle,bregorzj3@xrea.com,Male
689,Tymon,thinderj4@shutterfly.com,Agender
690,Lynnett,lyockneyj5@github.com,Female
691,Phillipe,peustisj6@auda.org.au,Male
692,Boote,bgiorgionij7@unc.edu,Female
693,Crin,cmosedallj8@sohu.com,Male
694,Sid,sstickelj9@aboutads.info,Male
695,Osbourne,ohailstonja@addthis.com,Male
696,Sheffie,sshiriljb@github.com,Male
697,Zacharia,zewdalejc@wordpress.com,Female
698,Adolphus,acapaldojd@foxnews.com,Female
699,Janelle,jbryceje@icq.com,Male
700,Jennie,jwickensjf@unc.edu,Female
701,Gustavo,glennardjg@fda.gov,Female
702,Danna,dhiscocksjh@springer.com,Agender
703,Brunhilda,bpickinji@google.es,Female
704,Christalle,cnittijj@t.co,Male
705,Deborah,dluckmanjk@vistaprint.com,Male
706,Olav,othackhamjl@cdc.gov,Female
707,Tarra,ttorrijm@wikispaces.com,Male
708,Elias,eibarrajn@dell.com,Female
709,Garold,gkewardjo@mtv.com,Female
710,Curtice,cbalaizotjp@ucla.edu,Agender
711,Isadora,iberardtjq@cmu.edu,Genderqueer
712,Isaak,isekullajr@163.com,Female
713,Rosetta,rrosbergjs@umich.edu,Female
714,Darrick,dvanderstraatenjt@nba.com,Genderqueer
715,Anallise,achesmanju@netlog.com,Female
716,Poul,psturrorjv@bbc.co.uk,Male
717,Enoch,efryejw@360.cn,Female
718,Sallyanne,smerrganjx@japanpost.jp,Female
719,Ax,asalanjy@vinaora.com,Female
720,Basilio,bbasindalejz@shinystat.com,Male
721,Des,dwillgressk0@army.mil,Female
722,Georgi,gwyrillk1@naver.com,Polygender
723,Jolyn,jlaphornk2@webs.com,Male
724,Dana,dhaycraftk3@canalblog.com,Female
725,Claybourne,cginnellk4@etsy.com,Female
726,Zackariah,zclarkewilliamsk5@qq.com,Male
727,Eula,ejoek6@tumblr.com,Male
728,Aloysia,aclemask7@naver.com,Female
729,Jackie,jkuhnkek8@multiply.com,Male
730,Jeniffer,jlinacrek9@google.de,Male
731,Silvester,saronka@hp.com,Male
732,Jeremy,jhankardkb@sciencedaily.com,Female
733,Nataniel,nbrindkc@yellowbook.com,Female
734,Rickie,runionkd@slideshare.net,Female
735,Krissie,kmcauliffeke@hubpages.com,Female
736,Clementine,ccotgrovekf@businesswire.com,Female
737,Michelina,mtimoneykg@wiley.com,Genderfluid
738,Orelee,ohatrickkh@noaa.gov,Female
739,Jacquie,jmurieki@comcast.net,Female
740,Brett,bcrambiekj@latimes.com,Female
741,Rutter,rtorrykk@list-manage.com,Male
742,Stephanie,scalveykl@wisc.edu,Male
743,Ruthann,rtomaskovkm@nps.gov,Male
744,Emiline,efearykn@ezinearticles.com,Male
745,Tasia,tmatisko@dailymail.co.uk,Female
746,Grayce,gdoghartiekp@gravatar.com,Female
747,Scotty,sfenelonkq@craigslist.org,Female
748,Ardenia,astonelakekr@umich.edu,Male
749,Jerrylee,jgarzks@timesonline.co.uk,Genderqueer
750,Revkah,rvoddenkt@symantec.com,Female
751,Rodina,rbremleyku@plala.or.jp,Female
752,Tyrone,tkilmartinkv@adobe.com,Female
753,Zacharias,zsothamkw@rambler.ru,Female
754,Shae,sleucharskx@blogger.com,Male
755,Olly,omainky@hatena.ne.jp,Male
756,Karon,kblaxelandkz@globo.com,Female
757,Romain,rhadlandl0@free.fr,Female
758,Lotte,lbladgel1@who.int,Male
759,Aubrie,aatterl2@ucoz.ru,Female
760,Paddie,pbirkinshawl3@omniture.com,Female
761,Anthea,aforrestl4@google.com.au,Male
762,Richart,rceeleyl5@hud.gov,Female
763,Maryanne,mfarrarl6@guardian.co.uk,Male
764,Faustine,ffossordl7@indiatimes.com,Female
765,Harri,hbullel8@bizjournals.com,Female
766,Felicia,fwharinl9@marketwatch.com,Male
767,Martyn,mdymickla@weather.com,Male
768,Augustina,afennerlb@mac.com,Male
769,Anna-diana,amccartneylc@networksolutions.com,Female
770,Leo,llefevreld@unesco.org,Male
771,Christin,ccathersidesle@hp.com,Female
772,Codie,caddinalllf@delicious.com,Female
773,Lacey,lrabblg@toplist.cz,Male
774,Nola,naugurlh@bravesites.com,Male
775,Delilah,dbarkessli@meetup.com,Male
776,Marlene,mcharlewoodlj@abc.net.au,Female
777,Marian,mduddinglk@thetimes.co.uk,Male
778,Haily,hharradencell@fastcompany.com,Male
779,Yanaton,ydartnelllm@shareasale.com,Female
780,Leonore,lsenyardln@si.edu,Male
781,Victoir,vmarvello@plala.or.jp,Female
782,Gianna,gphilcocklp@accuweather.com,Male
783,Zahara,zblazeklq@infoseek.co.jp,Non-binary
784,Vail,vtapleylr@etsy.com,Female
785,Lambert,ljeunels@wikipedia.org,Female
786,Ilario,iwenderothlt@hubpages.com,Female
787,Nita,nliebmannlu@mozilla.org,Male
788,Shannah,smilliganlv@ebay.com,Female
789,Michael,mheisterlw@msn.com,Female
790,Vinni,vblowinlx@freewebs.com,Male
791,Malanie,mmaccoughanly@blinklist.com,Female
792,Tabby,tpreshawlz@npr.org,Female
793,Emmaline,ejoncicm0@senate.gov,Female
794,Davis,dsneddonm1@umn.edu,Male
795,Farrah,fnelseym2@umn.edu,Female
796,Indira,ibelderfieldm3@paginegialle.it,Male
797,Fabio,fdanielem4@technorati.com,Male
798,Spenser,sousleym5@dailymotion.com,Male
799,Luther,lcordellm6@yolasite.com,Female
800,Heather,htomczakm7@microsoft.com,Female
801,Ede,ekindleysidesm8@purevolume.com,Female
802,Porty,pburgoinm9@aboutads.info,Female
803,Tammy,tbrentnallma@hibu.com,Male
804,Gipsy,gdaldanmb@baidu.com,Female
805,Freda,fcrawshaymc@si.edu,Male
806,Marius,mmcneelymd@ovh.net,Female
807,Midge,mvellenderme@canalblog.com,Genderqueer
808,Viviene,venrightmf@icio.us,Female
809,Gaby,gmccreadymg@mozilla.com,Female
810,Clovis,ccescotmh@oaic.gov.au,Female
811,Norrie,nlingardmi@netscape.com,Genderfluid
812,Ansley,ascarfemj@miibeian.gov.cn,Male
813,Ransom,rcoundleymk@plala.or.jp,Male
814,Hyacinthe,hpigdonml@ezinearticles.com,Male
815,Lizette,lmckevinmm@marriott.com,Male
816,Tish,tcurriemn@360.cn,Female
817,Wrennie,wwaitmo@quantcast.com,Male
818,Frederich,fiacoviellimp@bloglovin.com,Male
819,Idell,ibanthorpemq@nationalgeographic.com,Female
820,Adriena,aismailmr@statcounter.com,Female
821,Alfy,anibloms@msu.edu,Male
822,Lonna,ltidcombemt@ifeng.com,Female
823,Willdon,wgoalleymu@ameblo.jp,Male
824,Jazmin,junderwoodmv@instagram.com,Male
825,Ave,areveleymw@boston.com,Male
826,Cosme,crileymx@ft.com,Male
827,Eddy,emurrillmy@yahoo.co.jp,Male
828,Tracy,tkenworthymz@xing.com,Male
829,Kora,ksalvadorin0@thetimes.co.uk,Male
830,Tate,tweabenn1@cnet.com,Male
831,Fernando,fgrassern2@cdc.gov,Male
832,Katharine,kosmondn3@redcross.org,Male
833,Maryjane,mfentyn4@tripod.com,Polygender
834,Aeriell,agergern5@state.tx.us,Female
835,Garvy,gbernardesn6@patch.com,Female
836,Madge,mswensonn7@chicagotribune.com,Female
837,Hubert,hwinscumn8@sohu.com,Non-binary
838,Teodoor,tmcmorlandn9@wisc.edu,Male
839,Samaria,sdoodneyna@jalbum.net,Female
840,Denis,dgoldenofirelandnb@yale.edu,Male
841,Early,esidwellnc@drupal.org,Male
842,Larry,lmatscheknd@amazonaws.com,Male
843,Angelle,apunyerne@fastcompany.com,Male
844,Fabe,fnisetnf@shinystat.com,Female
845,Joelly,jfareweatherng@acquirethisname.com,Male
846,Waylen,wellershawnh@netlog.com,Male
847,Karia,kbruckerni@weibo.com,Male
848,Jermaine,jwaylandnj@sohu.com,Female
849,Mitzi,mlubecknk@photobucket.com,Female
850,Harman,hbussonnl@census.gov,Female
851,Goldarina,gbourgeoisnm@wikipedia.org,Female
852,Fanya,fcamblinnn@51.la,Female
853,Rufus,rfullno@last.fm,Female
854,Torrence,tbroadbridgenp@weebly.com,Male
855,Daren,dbalazotnq@cam.ac.uk,Male
856,Patrice,pbelverstonenr@nationalgeographic.com,Male
857,Aleta,ahordellns@domainmarket.com,Female
858,Britt,bpickrellnt@mlb.com,Male
859,Junia,jwaisonnu@diigo.com,Female
860,Cristie,cnestoruknv@dot.gov,Male
861,Fanchette,fbalfenw@live.com,Male
862,Arlee,abuyenx@hostgator.com,Female
863,Bar,bpedrony@hugedomains.com,Genderqueer
864,Alisa,aaldienz@elegantthemes.com,Non-binary
865,Dudley,dscuffhamo0@slate.com,Male
866,Fancie,fcromptono1@businessinsider.com,Male
867,Elnore,ebarnardoo2@posterous.com,Agender
868,Jon,jodonovano3@wsj.com,Male
869,Lorrayne,lshovlino4@zimbio.com,Female
870,Gaspar,gmesanto5@ustream.tv,Female
871,Kata,kreddingo6@pbs.org,Female
872,Howard,hswepsono7@booking.com,Female
873,Layney,lsnawdeno8@indiatimes.com,Female
874,Joyann,jrauo9@yellowbook.com,Male
875,Marwin,melsayoa@google.cn,Female
876,Galvin,graggob@shinystat.com,Female
877,Callida,ckindleyoc@etsy.com,Male
878,Laurie,lcuppleditchod@reference.com,Female
879,Doralyn,dceresaoe@vk.com,Male
880,Bonny,bhuffeyof@dailymotion.com,Male
881,Ashleigh,ascinelliog@jiathis.com,Male
882,Roseann,rnormanselloh@yelp.com,Female
883,Sheba,ssellickoi@wix.com,Polygender
884,Hastings,hcovolinioj@msn.com,Male
885,Brande,bbordesok@shop-pro.jp,Male
886,Rodney,rteeceol@blogspot.com,Female
887,Barris,bsavouryom@hhs.gov,Male
888,Clovis,cstonelakeon@cbsnews.com,Male
889,Honor,hgiacopellooo@npr.org,Female
890,Mora,msmerdonop@hud.gov,Male
891,Tabor,tshilitooq@goo.ne.jp,Male
892,Karyl,kdemchenor@mozilla.com,Agender
893,Jacqui,jhuntingtonos@squidoo.com,Female
894,Bud,bmckewot@sphinn.com,Genderfluid
895,Abram,ashepstoneou@booking.com,Female
896,Desi,dhumphersonov@goo.gl,Female
897,Clement,caddeyow@wordpress.com,Female
898,Madelene,mfeehanox@51.la,Female
899,Claudia,crennicksoy@ehow.com,Male
900,Napoleon,ngierekoz@simplemachines.org,Male
901,Minetta,mocoskerryp0@de.vu,Male
902,Korrie,keldenp1@theatlantic.com,Polygender
903,Aubrey,aguerreaup2@list-manage.com,Agender
904,Haily,hdunrigep3@slate.com,Male
905,Kalindi,kwilbudp4@simplemachines.org,Male
906,Rois,rsherringtonp5@tuttocitta.it,Male
907,Sheff,smingayp6@weibo.com,Female
908,Miquela,mmcdaidp7@typepad.com,Male
909,Esta,eracinep8@zdnet.com,Female
910,Tawsha,tebbersp9@sfgate.com,Female
911,Karl,klemmertzpa@dot.gov,Male
912,Munmro,mcobsonpb@berkeley.edu,Male
913,Annie,ahalmkinpc@mail.ru,Male
914,Sara,sclapshawpd@github.io,Female
915,Monique,mbowlaspe@is.gd,Female
916,Ciro,cloodypf@washingtonpost.com,Male
917,Erick,emohanpg@unesco.org,Male
918,Elsie,eferronierph@yelp.com,Non-binary
919,Celestyna,ciacobopi@vimeo.com,Male
920,Ben,bpundpj@nasa.gov,Female
921,Mellisent,mmassimopk@123-reg.co.uk,Male
922,Merlina,mchewpl@angelfire.com,Male
923,Darby,dwinpennypm@imageshack.us,Genderfluid
924,Zedekiah,zropckepn@t-online.de,Female
925,Devinne,doxladepo@oracle.com,Female
926,Prudy,ploudepp@imdb.com,Female
927,Even,epassopq@chron.com,Male
928,Editha,eforsythpr@youtu.be,Male
929,Veronica,vhobellps@abc.net.au,Male
930,Lindi,lmartpt@google.ca,Male
931,Christiano,crevellepu@opera.com,Genderqueer
932,Zarah,zfoalepv@reddit.com,Male
933,Guillema,goxleepw@wikia.com,Female
934,Galvan,gmacdonaldpx@walmart.com,Female
935,Myrtie,mlydiatepy@slashdot.org,Female
936,Atlante,asapsonpz@google.de,Male
937,Gaspard,golliffeq0@utexas.edu,Female
938,Marina,mtalletq1@tripadvisor.com,Female
939,See,syvonq2@phpbb.com,Male
940,Tish,tfranckq3@usa.gov,Genderqueer
941,Todd,tcawsyq4@facebook.com,Male
942,Rice,rpobjayq5@ihg.com,Male
943,Jillana,jconnechyq6@devhub.com,Male
944,Vern,vkennellyq7@cbc.ca,Male
945,Flynn,fleghornq8@nydailynews.com,Female
946,Eddi,eclimerq9@arstechnica.com,Female
947,Dieter,dhazeltineqa@umn.edu,Female
948,Denna,dmedhurstqb@themeforest.net,Male
949,Iolande,idenslowqc@multiply.com,Female
950,Vassily,vaylmoreqd@tiny.cc,Female
951,Chrissie,cbrushneenqe@hp.com,Bigender
952,Kristien,kantoniadesqf@princeton.edu,Male
953,Phil,ppurchallqg@dell.com,Male
954,Gib,gcosteqh@zdnet.com,Male
955,Bennie,belcouxqi@mit.edu,Male
956,Imogen,isimenelqj@omniture.com,Male
957,Corabel,cmorforthqk@blog.com,Male
958,Theo,tkornilyevql@apache.org,Male
959,Lorens,lbarrarqm@unc.edu,Female
960,Dyanne,droderqn@jimdo.com,Female
961,Elladine,ewellmanqo@sun.com,Male
962,Leona,lmcconaghyqp@twitpic.com,Female
963,Inglebert,imcanalleyqq@youku.com,Male
964,Whit,wdreossiqr@blinklist.com,Male
965,Louisette,lgoodieqs@wp.com,Male
966,Jabez,jmartynkaqt@youtu.be,Female
967,Griffie,gbrickettqu@omniture.com,Male
968,Malcolm,mdowdamqv@sun.com,Male
969,Maggi,mschutteqw@google.fr,Female
970,Alva,amacpharlainqx@google.pl,Agender
971,Jan,jstickinsqy@craigslist.org,Male
972,Lynna,lreolfoqz@symantec.com,Genderqueer
973,Andrei,abreakwellr0@networkadvertising.org,Female
974,Dianna,dapplinr1@wunderground.com,Male
975,Bert,bscarthr2@marriott.com,Female
976,Tiebold,tbulstroder3@blog.com,Female
977,Bowie,bmaplethorpr4@census.gov,Non-binary
978,Shelley,scowdroyr5@ycombinator.com,Female
979,Sascha,syeatmanr6@google.co.jp,Male
980,Shawna,syemmr7@stanford.edu,Female
981,Arel,amackledenr8@wikimedia.org,Male
982,Clementina,codornanr9@irs.gov,Male
983,Stefanie,sadamovitchra@pagesperso-orange.fr,Male
984,Sharline,ssnedkerrb@domainmarket.com,Male
985,Kessiah,ktroreyrc@stanford.edu,Male
986,Lorry,lviveashrd@istockphoto.com,Polygender
987,Pinchas,ppamplingre@homestead.com,Male
988,Melisande,mtodeorf@photobucket.com,Female
989,Kipp,krimerg@wufoo.com,Male
990,Andee,agravettrh@vistaprint.com,Female
991,Eddi,eshenfischri@pagesperso-orange.fr,Female
992,Guinevere,gsnepprj@apache.org,Male
993,Koren,kscrimshawrk@newsvine.com,Male
994,Jayme,jsollisrl@mail.ru,Male
995,Weylin,wwixonrm@webs.com,Male
996,Warden,wlocknerrn@usatoday.com,Male
997,Marena,melvenro@cargocollective.com,Male
998,Mirna,mcathersidesrp@chicagotribune.com,Female
999,Margalo,mdorracottrq@tripod.com,Male
1000,Didi,dbleaserr@4shared.com,Male
